{
  "logreg_train": {
    "accuracy": 0.5811640893470791,
    "log_loss": 0.9062558855136204,
    "n": 46560
  },
  "xgb_train": {
    "accuracy": 0.5862542955326461,
    "log_loss": 0.8887458558897124,
    "n": 46560
  },
  "logreg_holdout": {
    "accuracy": 0.5992921745969327,
    "log_loss": 0.8705732663082199,
    "n": 2543
  },
  "xgb_holdout": {
    "accuracy": 0.598505701926858,
    "log_loss": 0.8684973653061504,
    "n": 2543
  }
}