{
  "logreg_train": {
    "accuracy": 0.5811640893470791,
    "log_loss": 0.9062558855136204,
    "n": 46560
  },
  "xgb_train": {
    "accuracy": 0.5866408934707904,
    "log_loss": 0.8887405224997303,
    "n": 46560
  },
  "logreg_holdout": {
    "accuracy": 0.5992921745969327,
    "log_loss": 0.8705447208442225,
    "n": 2543
  },
  "xgb_holdout": {
    "accuracy": 0.5992921745969327,
    "log_loss": 0.8686272354911375,
    "n": 2543
  }
}