{
  "logreg_train": {
    "accuracy": 0.5811426116838488,
    "log_loss": 0.9062559701831036,
    "n": 46560
  },
  "xgb_train": {
    "accuracy": 0.5866623711340206,
    "log_loss": 0.8886259969349423,
    "n": 46560
  },
  "logreg_holdout": {
    "accuracy": 0.5992921745969327,
    "log_loss": 0.8705734363897418,
    "n": 2543
  },
  "xgb_holdout": {
    "accuracy": 0.5981124655918206,
    "log_loss": 0.8688797784404677,
    "n": 2543
  }
}