{
  "logreg_train": {
    "accuracy": 0.5811640893470791,
    "log_loss": 0.9062558855136204,
    "n": 46560
  },
  "xgb_train": {
    "accuracy": 0.5865979381443299,
    "log_loss": 0.888725857053986,
    "n": 46560
  },
  "logreg_holdout": {
    "accuracy": 0.5992921745969327,
    "log_loss": 0.8705447208442225,
    "n": 2543
  },
  "xgb_holdout": {
    "accuracy": 0.5992921745969327,
    "log_loss": 0.8684968776401785,
    "n": 2543
  }
}