{
  "logreg_wc2026": {
    "accuracy": 0.6464646464646465,
    "log_loss": 0.8474122249754513,
    "n": 99
  },
  "xgb_wc2026": {
    "accuracy": 0.6565656565656566,
    "log_loss": 0.8395148750796345,
    "n": 99
  }
}