{
  "logreg_wc2026": {
    "accuracy": 0.6382978723404256,
    "log_loss": 0.8568538721154156,
    "n": 94
  },
  "xgb_wc2026": {
    "accuracy": 0.648936170212766,
    "log_loss": 0.8460124952598717,
    "n": 94
  }
}