{
  "logreg_wc2026": {
    "accuracy": 0.6435643564356436,
    "log_loss": 0.8461385146972109,
    "n": 101
  },
  "xgb_wc2026": {
    "accuracy": 0.6633663366336634,
    "log_loss": 0.8355699095607324,
    "n": 101
  }
}