{
  "logreg_wc2026": {
    "accuracy": 0.65,
    "log_loss": 0.8436169165606942,
    "n": 100
  },
  "xgb_wc2026": {
    "accuracy": 0.66,
    "log_loss": 0.8384224977219419,
    "n": 100
  }
}