{
  "logreg_wc2026": {
    "accuracy": 0.6428571428571429,
    "log_loss": 0.8491086577544231,
    "n": 98
  },
  "xgb_wc2026": {
    "accuracy": 0.6530612244897959,
    "log_loss": 0.8380865983939098,
    "n": 98
  }
}