{
  "logreg_wc2026": {
    "accuracy": 0.6354166666666666,
    "log_loss": 0.8542420028102177,
    "n": 96
  },
  "xgb_wc2026": {
    "accuracy": 0.6458333333333334,
    "log_loss": 0.8458084783785083,
    "n": 96
  }
}