{
  "logreg_wc2026": {
    "accuracy": 0.6391752577319587,
    "log_loss": 0.8518408691481768,
    "n": 97
  },
  "xgb_wc2026": {
    "accuracy": 0.6494845360824743,
    "log_loss": 0.8441979185094101,
    "n": 97
  }
}